backbone,loss,margin,embedding_dim,params,macs,approx_flops,train_time_sec,best_epoch,val_threshold,val_accuracy,test_accuracy,checkpoint
koch,triplet_semihard,0.2,128,10777024,998408192.0,1996816384.0,178.06601119041443,3,1.1332634687423706,0.7818182110786438,0.766,checkpoints/exp2_best_koch.pt
resnet18,triplet_semihard,0.2,128,11242176,476117440.0,952234880.0,132.55648112297058,2,1.0622063875198364,0.6863636374473572,0.638,checkpoints/exp2_best_resnet18.pt
