method,auc
BCE_L1,0.6119439999999999
Contrastive,0.819952
Triplet_Random,0.7715080000000001
Triplet_Semihard,0.746656
Contrastive,0.819952
Contrastive,0.819952
